ranking of movie,movie name ,Year,certificate,runtime,genre,RATING,DETAIL ABOUT MOVIE,DIRECTOR ,ACTOR 1,ACTOR 2,ACTOR 3,ACTOR 4,votes,metascore,GROSS COLLECTION
1,Jai Bhim,-2021,TV-MA,164 min,"Crime, Drama",9.4,"When a tribal man is arrested for a case of alleged theft, his wife turns to a human-rights lawyer to help bring justice.",T.J. Gnanavel,Suriya,Lijo Mol Jose,Manikandan,Rajisha Vijayan,163431,,
2,The Shawshank Redemption,-1994,R,142 min,Drama,9.3,"Two imprisoned men bond over a number of years, finding solace and eventual redemption through acts of common decency.",Frank Darabont,Tim Robbins,Morgan Freeman,Bob Gunton,William Sadler,2515762,80,$28.34M
3,The Godfather,-1972,R,175 min,"Crime, Drama",9.2,"The Godfather follows Vito Corleone, Don of the Corleone family, as he passes the mantel to his unwilling son, Michael.",Francis Ford Coppola,Marlon Brando,Al Pacino,James Caan,Diane Keaton,1732749,100,$134.97M
4,The Dark Knight,-2008,PG-13,152 min,"Action, Crime, Drama",9,"When the menace known as the Joker wreaks havoc and chaos on the people of Gotham, Batman must accept one of the greatest psychological and physical tests of his ability to fight injustice.",Christopher Nolan,Christian Bale,Heath Ledger,Aaron Eckhart,Michael Caine,2466041,84,$534.86M
5,The Godfather: Part II,-1974,R,202 min,"Crime, Drama",9,"The early life and career of Vito Corleone in 1920s New York City is portrayed, while his son, Michael, expands and tightens his grip on the family crime syndicate.",Francis Ford Coppola,Al Pacino,Robert De Niro,Robert Duvall,Diane Keaton,1202401,90,$57.30M
6,12 Angry Men,-1957,Approved,96 min,"Crime, Drama",9,The jury in a New York City murder trial is frustrated by a single member whose skeptical caution forces them to more carefully consider the evidence before jumping to a hasty verdict.,Sidney Lumet,Henry Fonda,Lee J. Cobb,Martin Balsam,John Fiedler,742970,96,$4.36M
7,The Lord of the Rings: The Return of the King,-2003,PG-13,201 min,"Action, Adventure, Drama",8.9,Gandalf and Aragorn lead the World of Men against Sauron's army to draw his gaze from Frodo and Sam as they approach Mount Doom with the One Ring.,Peter Jackson,Elijah Wood,Viggo Mortensen,Ian McKellen,Orlando Bloom,1737140,94,$377.85M
8,Pulp Fiction,-1994,R,154 min,"Crime, Drama",8.9,"The lives of two mob hitmen, a boxer, a gangster and his wife, and a pair of diner bandits intertwine in four tales of violence and redemption.",Quentin Tarantino,John Travolta,Uma Thurman,Samuel L. Jackson,Bruce Willis,1939304,94,$107.93M
9,Schindler's List,-1993,R,195 min,"Biography, Drama, History",8.9,"In German-occupied Poland during World War II, industrialist  gradually becomes concerned for his Jewish workforce after witnessing their persecution by the Nazis.",Steven Spielberg,Liam Neeson,Ralph Fiennes,Ben Kingsley,Caroline Goodall,1286186,94,$96.90M
10,Inception,-2010,PG-13,148 min,"Action, Adventure, Sci-Fi",8.8,"A thief who steals corporate secrets through the use of dream-sharing technology is given the inverse task of planting an idea into the mind of a C.E.O., but his tragic past may doom the project and his team to disaster.",Christopher Nolan,Leonardo DiCaprio,Joseph Gordon-Levitt,Elliot Page,Ken Watanabe,2211491,74,$292.58M
11,Spider-Man: No Way Home,-2021,PG-13,148 min,"Action, Adventure, Fantasy",8.8,"With Spider-Man's identity now revealed, Peter asks Doctor Strange for help. When a spell goes wrong, dangerous foes from other worlds start to appear, forcing Peter to discover what it truly means to be Spider-Man.",Jon Watts,Tom Holland,Zendaya,Benedict Cumberbatch,Jacob Batalon,323084,71,
12,Fight Club,-1999,R,139 min,Drama,8.8,An insomniac office worker and a devil-may-care soap maker form an underground fight club that evolves into much more.,David Fincher,Brad Pitt,Edward Norton,Meat Loaf,Zach Grenier,1978491,66,$37.03M
13,The Lord of the Rings: The Fellowship of the Ring,-2001,PG-13,178 min,"Action, Adventure, Drama",8.8,A meek Hobbit from the Shire and eight companions set out on a journey to destroy the powerful One Ring and save Middle-earth from the Dark Lord Sauron.,Peter Jackson,Elijah Wood,Ian McKellen,Orlando Bloom,Sean Bean,1758145,92,$315.54M
14,Forrest Gump,-1994,PG-13,142 min,"Drama, Romance",8.8,"The presidencies of Kennedy and Johnson, the Vietnam War, the Watergate scandal and other historical events unfold from the perspective of an Alabama man with an IQ of 75, whose only desire is to be reunited with his childhood sweetheart.",Robert Zemeckis,Tom Hanks,Robin Wright,Gary Sinise,Sally Field,1941394,82,$330.25M
15,"The Good, the Bad and the Ugly",-1966,R,178 min,"Adventure, Western",8.8,A bounty hunting scam joins two men in an uneasy alliance against a third in a race to find a fortune in gold buried in a remote cemetery.,Sergio Leone,Clint Eastwood,Eli Wallach,Lee Van Cleef,Aldo Giuffrè,727922,90,$6.10M
16,The Lord of the Rings: The Two Towers,-2002,PG,179 min,"Action, Adventure, Drama",8.7,"While Frodo and Sam edge closer to Mordor with the help of the shifty Gollum, the divided fellowship makes a stand against Sauron's new ally, Saruman, and his hordes of Isengard.",Peter Jackson,Elijah Wood,Ian McKellen,Viggo Mortensen,Orlando Bloom,1569865,87,$342.55M
17,The Matrix,-1999,R,136 min,"Action, Sci-Fi",8.7,"When a beautiful stranger leads computer hacker Neo to a forbidding underworld, he discovers the shocking truth--the life he knows is the elaborate deception of an evil cyber-intelligence.",Lana Wachowski,Lilly Wachowski,Keanu Reeves,Laurence Fishburne,Carrie-Anne Moss,1807421,73,$171.48M
18,Goodfellas,-1990,R,146 min,"Biography, Crime, Drama",8.7,"The story of  and his life in the mob, covering his relationship with his wife Karen Hill and his mob partners Jimmy Conway and Tommy DeVito in the Italian-American crime syndicate.",Martin Scorsese,Robert De Niro,Ray Liotta,Joe Pesci,Lorraine Bracco,1088677,90,$46.84M
19,Star Wars: Episode V - The Empire Strikes Back,-1980,PG,124 min,"Action, Adventure, Fantasy",8.7,"After the Rebels are brutally overpowered by the Empire on the ice planet Hoth, Luke Skywalker begins Jedi training with Yoda, while his friends are pursued across the galaxy by Darth Vader and bounty hunter Boba Fett.",Irvin Kershner,Mark Hamill,Harrison Ford,Carrie Fisher,Billy Dee Williams,1222758,82,$290.48M
20,One Flew Over the Cuckoo's Nest,-1975,R,133 min,Drama,8.7,"A criminal pleads insanity and is admitted to a mental institution, where he rebels against the oppressive nurse and rallies up the scared patients.",Milos Forman,Jack Nicholson,Louise Fletcher,Michael Berryman,Peter Brocco,965879,84,$112.00M
21,Parasite,-2019,R,132 min,"Comedy, Drama, Thriller",8.6,Greed and class discrimination threaten the newly formed symbiotic relationship between the wealthy Park family and the destitute Kim clan.,Bong Joon Ho,Kang-ho Song,Sun-kyun Lee,Yeo-jeong Cho,Woo-sik Choi,698173,96,$53.37M
22,Interstellar,-2014,PG-13,169 min,"Adventure, Drama, Sci-Fi",8.6,A team of explorers travel through a wormhole in space in an attempt to ensure humanity's survival.,Christopher Nolan,Matthew McConaughey,Anne Hathaway,Jessica Chastain,Mackenzie Foy,1662402,74,$188.02M
23,City of God,-2002,R,130 min,"Crime, Drama",8.6,"In the slums of Rio, two kids' paths diverge as one struggles to become a photographer and the other a kingpin.",Fernando Meirelles,Kátia Lund,Alexandre Rodrigues,Leandro Firmino,Matheus Nachtergaele,729710,79,$7.56M
24,Spirited Away,-2001,PG,125 min,"Animation, Adventure, Family",8.6,"During her family's move to the suburbs, a sullen 10-year-old girl wanders into a world ruled by gods, witches, and spirits, and where humans are changed into beasts.",Hayao Miyazaki,Daveigh Chase,Suzanne Pleshette,Miyu Irino,Rumi Hiiragi,708844,96,$10.06M
25,Saving Private Ryan,-1998,R,169 min,"Drama, War",8.6,"Following the Normandy Landings, a group of U.S. soldiers go behind enemy lines to retrieve a paratrooper whose brothers have been killed in action.",Steven Spielberg,Tom Hanks,Matt Damon,Tom Sizemore,Edward Burns,1313750,91,$216.54M
26,The Green Mile,-1999,R,189 min,"Crime, Drama, Fantasy",8.6,"The lives of guards on Death Row are affected by one of their charges: a black man accused of child murder and rape, yet who has a mysterious gift.",Frank Darabont,Tom Hanks,Michael Clarke Duncan,David Morse,Bonnie Hunt,1223918,61,$136.80M
27,Life Is Beautiful,-1997,PG-13,116 min,"Comedy, Drama, Romance",8.6,"When an open-minded Jewish waiter and his son become victims of the Holocaust, he uses a perfect mixture of will, humor, and imagination to protect his son from the dangers around their camp.",Roberto Benigni,Roberto Benigni,Nicoletta Braschi,Giorgio Cantarini,Giustino Durano,662193,59,$57.60M
28,Se7en,-1995,R,127 min,"Crime, Drama, Mystery",8.6,"Two detectives, a rookie and a veteran, hunt a serial killer who uses the seven deadly sins as his motives.",David Fincher,Morgan Freeman,Brad Pitt,Kevin Spacey,Andrew Kevin Walker,1544575,65,$100.13M
29,The Silence of the Lambs,-1991,R,118 min,"Crime, Drama, Horror",8.6,"A young F.B.I. cadet must receive the help of an incarcerated and manipulative cannibal killer to help catch another serial killer, a madman who skins his victims.",Jonathan Demme,Jodie Foster,Anthony Hopkins,Lawrence A. Bonney,Kasi Lemmons,1353714,85,$130.74M
30,Star Wars: Episode IV - A New Hope,-1977,PG,121 min,"Action, Adventure, Fantasy",8.6,"Luke Skywalker joins forces with a Jedi Knight, a cocky pilot, a Wookiee and two droids to save the galaxy from the Empire's world-destroying battle station, while also attempting to rescue Princess Leia from the mysterious Darth Vader.",George Lucas,Mark Hamill,Harrison Ford,Carrie Fisher,Alec Guinness,1294390,90,$322.74M
31,Hara-Kiri,-1962,Not Rated,133 min,"Action, Drama, Mystery",8.6,"When a ronin requesting seppuku at a feudal lord's palace is told of the brutal suicide of another ronin who previously visited, he reveals how their pasts are intertwined - and in doing so challenges the clan's integrity.",Masaki Kobayashi,Tatsuya Nakadai,Akira Ishihama,Shima Iwashita,Tetsurô Tanba,51037,85,
32,Seven Samurai,-1954,Not Rated,207 min,"Action, Drama",8.6,A poor village under attack by bandits recruits seven unemployed samurai to help them defend themselves.,Akira Kurosawa,Toshirô Mifune,Takashi Shimura,Keiko Tsushima,Yukiko Shimazaki,333085,98,$0.27M
33,It's a Wonderful Life,-1946,PG,130 min,"Drama, Family, Fantasy",8.6,An angel is sent from Heaven to help a desperately frustrated businessman by showing him what life would have been like if he had never existed.,Frank Capra,James Stewart,Donna Reed,Lionel Barrymore,Thomas Mitchell,435268,89,
34,Whiplash,-2014,R,106 min,"Drama, Music",8.5,A promising young drummer enrolls at a cut-throat music conservatory where his dreams of greatness are mentored by an instructor who will stop at nothing to realize a student's potential.,Damien Chazelle,Miles Teller,J.K. Simmons,Melissa Benoist,Paul Reiser,780652,88,$13.09M
35,The Intouchables,-2011,R,112 min,"Biography, Comedy, Drama",8.5,"After he becomes a quadriplegic from a paragliding accident, an aristocrat hires a young man from the projects to be his caregiver.",Olivier Nakache,Éric Toledano,François Cluzet,Omar Sy,Anne Le Ny,810538,57,$13.18M
36,The Prestige,-2006,PG-13,130 min,"Drama, Mystery, Thriller",8.5,"After a tragic accident, two stage magicians in 1890s London engage in a battle to create the ultimate illusion while sacrificing everything they have to outwit each other.",Christopher Nolan,Christian Bale,Hugh Jackman,Scarlett Johansson,Michael Caine,1264981,66,$53.09M
37,The Departed,-2006,R,151 min,"Action, Crime, Drama",8.5,An undercover cop and a mole in the police attempt to identify each other while infiltrating an Irish gang in South Boston.,Martin Scorsese,Leonardo DiCaprio,Matt Damon,Jack Nicholson,Mark Wahlberg,1259042,85,$132.38M
38,The Pianist,-2002,R,150 min,"Biography, Drama, Music",8.5,A Polish Jewish musician struggles to survive the destruction of the Warsaw ghetto of World War II.,Roman Polanski,Adrien Brody,Thomas Kretschmann,Frank Finlay,Emilia Fox,784426,85,$32.57M
39,Gladiator,-2000,R,155 min,"Action, Adventure, Drama",8.5,A former Roman General sets out to exact vengeance against the corrupt emperor who murdered his family and sent him into slavery.,Ridley Scott,Russell Crowe,Joaquin Phoenix,Connie Nielsen,Oliver Reed,1421894,67,$187.71M
40,American History X,-1998,R,119 min,Drama,8.5,A former neo-nazi skinhead tries to prevent his younger brother from going down the same wrong path that he did.,Tony Kaye,Edward Norton,Edward Furlong,Beverly D'Angelo,Jennifer Lien,1078864,62,$6.72M
41,The Usual Suspects,-1995,R,106 min,"Crime, Drama, Mystery",8.5,"A sole survivor tells of the twisty events leading up to a horrific gun battle on a boat, which began when five criminals met at a seemingly random police lineup.",Bryan Singer,Kevin Spacey,Gabriel Byrne,Chazz Palminteri,Stephen Baldwin,1041621,77,$23.34M
42,Léon: The Professional,-1994,R,110 min,"Action, Crime, Drama",8.5,"12-year-old Mathilda is reluctantly taken in by Léon, a professional assassin, after her family is murdered. An unusual relationship forms as she becomes his protégée and learns the assassin's trade.",Luc Besson,Jean Reno,Gary Oldman,Natalie Portman,Danny Aiello,1100062,64,$19.50M
43,The Lion King,-1994,G,88 min,"Animation, Adventure, Drama",8.5,"Lion prince Simba and his father are targeted by his bitter uncle, who wants to ascend the throne himself.",Roger Allers,Rob Minkoff,Matthew Broderick,Jeremy Irons,James Earl Jones,999312,88,$422.78M
44,Terminator 2: Judgment Day,-1991,R,137 min,"Action, Sci-Fi",8.5,"A cyborg, identical to the one who failed to kill Sarah Connor, must now protect her ten-year-old son John from a more advanced and powerful cyborg.",James Cameron,Arnold Schwarzenegger,Linda Hamilton,Edward Furlong,Robert Patrick,1047453,75,$204.84M
45,Cinema Paradiso,-1988,R,155 min,"Drama, Romance",8.5,A filmmaker recalls his childhood when falling in love with the pictures at the cinema of his home village and forms a deep friendship with the cinema's projectionist.,Giuseppe Tornatore,Philippe Noiret,Enzo Cannavale,Antonella Attili,Isa Danieli,249201,80,$11.99M
46,Grave of the Fireflies,-1988,Not Rated,89 min,"Animation, Drama, War",8.5,A young boy and his little sister struggle to survive in Japan during World War II.,Isao Takahata,Tsutomu Tatsumi,Ayano Shiraishi,Akemi Yamaguchi,Yoshiko Shinohara,258230,94,
47,Back to the Future,-1985,PG,116 min,"Adventure, Comedy, Sci-Fi",8.5,"Marty McFly, a 17-year-old high school student, is accidentally sent thirty years into the past in a time-traveling DeLorean invented by his close friend, the eccentric scientist Doc Brown.",Robert Zemeckis,Michael J. Fox,Christopher Lloyd,Lea Thompson,Crispin Glover,1132222,87,$210.61M
48,Once Upon a Time in the West,-1968,PG-13,165 min,Western,8.5,A mysterious stranger with a harmonica joins forces with a notorious desperado to protect a beautiful widow from a ruthless assassin working for the railroad.,Sergio Leone,Henry Fonda,Charles Bronson,Claudia Cardinale,Jason Robards,318181,80,$5.32M
49,Psycho,-1960,R,109 min,"Horror, Mystery, Thriller",8.5,"A Phoenix secretary embezzles $40,000 from her employer's client, goes on the run, and checks into a remote motel run by a young man under the domination of his mother.",Alfred Hitchcock,Anthony Perkins,Janet Leigh,Vera Miles,John Gavin,640525,97,$32.00M
50,Rear Window,-1954,PG,112 min,"Mystery, Thriller",8.5,"A wheelchair-bound photographer spies on his neighbors from his Greenwich Village courtyard apartment window, and becomes convinced one of them has committed murder, despite the skepticism of his fashion-model girlfriend.",Alfred Hitchcock,James Stewart,Grace Kelly,Wendell Corey,Thelma Ritter,471860,100,$36.76M
51,Casablanca,-1942,PG,102 min,"Drama, Romance, War",8.5,A cynical expatriate American cafe owner struggles to decide whether or not to help his former lover and her fugitive husband escape the Nazis in French Morocco.,Michael Curtiz,Humphrey Bogart,Ingrid Bergman,Paul Henreid,Claude Rains,549646,100,$1.02M
52,Modern Times,-1936,G,87 min,"Comedy, Drama, Family",8.5,The Tramp struggles to live in modern industrial society with the help of a young homeless woman.,Charles Chaplin,Charles Chaplin,Paulette Goddard,Henry Bergman,Tiny Sandford,231995,96,$0.16M
53,City Lights,-1931,G,87 min,"Comedy, Drama, Romance",8.5,"With the aid of a wealthy erratic tippler, a dewy-eyed tramp who has fallen in love with a sightless flower girl accumulates money to be able to help her medically.",Charles Chaplin,Charles Chaplin,Virginia Cherrill,Florence Lee,Harry Myers,178296,99,$0.02M
54,Hamilton,-2020,PG-13,160 min,"Biography, Drama, History",8.4,"The real life of one of America's foremost founding fathers and first Secretary of the Treasury, Alexander Hamilton. Captured live on Broadway from the Richard Rodgers Theater with the original Broadway cast.",Thomas Kail,Lin-Manuel Miranda,Phillipa Soo,Leslie Odom Jr.,Renée Elise Goldsberry,79390,90,
55,Capernaum,-2018,R,126 min,Drama,8.4,"While serving a five-year sentence for a violent crime, a 12-year-old boy sues his parents for neglect.",Nadine Labaki,Zain Al Rafeea,Yordanos Shiferaw,Boluwatife Treasure Bankole,Kawsar Al Haddad,79461,75,$1.66M
56,Joker,-2019,R,122 min,"Crime, Drama, Thriller",8.4,"In Gotham City, mentally troubled comedian Arthur Fleck is disregarded and mistreated by society. He then embarks on a downward spiral of revolution and bloody crime. This path brings him face-to-face with his alter-ego: the Joker.",Todd Phillips,Joaquin Phoenix,Robert De Niro,Zazie Beetz,Frances Conroy,1117695,59,$335.45M
57,Your Name.,-2016,PG,106 min,"Animation, Drama, Fantasy",8.4,"Two strangers find themselves linked in a bizarre way. When a connection forms, will distance be the only thing to keep them apart?",Makoto Shinkai,Ryûnosuke Kamiki,Mone Kamishiraishi,Ryô Narita,Aoi Yûki,234828,79,$5.02M
58,Dangal,-2016,Not Rated,161 min,"Action, Biography, Drama",8.4,Former wrestler  and his two wrestler daughters struggle towards glory at the Commonwealth Games in the face of societal oppression.,Nitesh Tiwari,Aamir Khan,Sakshi Tanwar,Fatima Sana Shaikh,Sanya Malhotra,175751,,$12.39M
59,Spider-Man: Into the Spider-Verse,-2018,PG,117 min,"Animation, Action, Adventure",8.4,"Teen Miles Morales becomes the Spider-Man of his universe, and must join with five spider-powered individuals from other dimensions to stop a threat for all realities.",Bob Persichetti,Peter Ramsey,Rodney Rothman,Shameik Moore,Jake Johnson,454240,87,$190.24M
60,Avengers: Endgame,-2019,PG-13,181 min,"Action, Adventure, Drama",8.4,"After the devastating events of  (2018), the universe is in ruins. With the help of remaining allies, the Avengers assemble once more in order to reverse Thanos' actions and restore balance to the universe.",Anthony Russo,Joe Russo,Robert Downey Jr.,Chris Evans,Mark Ruffalo,984371,78,$858.37M
61,Avengers: Infinity War,-2018,PG-13,149 min,"Action, Adventure, Sci-Fi",8.4,The Avengers and their allies must be willing to sacrifice all in an attempt to defeat the powerful Thanos before his blitz of devastation and ruin puts an end to the universe.,Anthony Russo,Joe Russo,Robert Downey Jr.,Chris Hemsworth,Mark Ruffalo,959699,68,$678.82M
62,Coco,(I) (2017),PG,105 min,"Animation, Adventure, Comedy",8.4,"Aspiring musician Miguel, confronted with his family's ancestral ban on music, enters the Land of the Dead to find his great-great-grandfather, a legendary singer.",Lee Unkrich,Adrian Molina,Anthony Gonzalez,Gael García Bernal,Benjamin Bratt,449701,81,$209.73M
63,Django Unchained,-2012,R,165 min,"Drama, Western",8.4,"With the help of a German bounty-hunter, a freed slave sets out to rescue his wife from a brutal plantation-owner in Mississippi.",Quentin Tarantino,Jamie Foxx,Christoph Waltz,Leonardo DiCaprio,Kerry Washington,1454518,81,$162.81M
64,The Dark Knight Rises,-2012,PG-13,164 min,"Action, Crime, Drama",8.4,"Eight years after the Joker's reign of anarchy, Batman, with the help of the enigmatic Catwoman, is forced from his exile to save Gotham City from the brutal guerrilla terrorist Bane.",Christopher Nolan,Christian Bale,Tom Hardy,Anne Hathaway,Gary Oldman,1602742,78,$448.14M
65,3 Idiots,-2009,PG-13,170 min,"Comedy, Drama",8.4,"Two friends are searching for their long lost companion. They revisit their college days and recall the memories of their friend who inspired them to think differently, even as the rest of the world called them ""idiots"".",Rajkumar Hirani,Aamir Khan,Madhavan,Mona Singh,Sharman Joshi,374643,67,$6.53M
66,Like Stars on Earth,-2007,PG,165 min,"Drama, Family",8.4,"An eight-year-old boy is thought to be a lazy trouble-maker, until the new art teacher has the patience and compassion to discover the real problem behind his struggles in school.",Aamir Khan,Amole Gupte,Darsheel Safary,Aamir Khan,Tisca Chopra,183810,,$1.22M
67,WALL·E,-2008,G,98 min,"Animation, Adventure, Family",8.4,"In the distant future, a small waste-collecting robot inadvertently embarks on a space journey that will ultimately decide the fate of mankind.",Andrew Stanton,Ben Burtt,Elissa Knight,Jeff Garlin,Fred Willard,1058382,95,$223.81M
68,The Lives of Others,-2006,R,137 min,"Drama, Mystery, Thriller",8.4,"In 1984 East Berlin, an agent of the secret police, conducting surveillance on a writer and his lover, finds himself becoming increasingly absorbed by their lives.",Florian Henckel von Donnersmarck,Ulrich Mühe,Martina Gedeck,Sebastian Koch,Ulrich Tukur,377066,89,$11.29M
69,Oldboy,-2003,R,101 min,"Action, Drama, Mystery",8.4,"After being kidnapped and imprisoned for fifteen years, Oh Dae-Su is released, only to find that he must find his captor in five days.",Park Chan-Wook,Choi Min-sik,Yoo Ji-Tae,Kang Hye-jeong,Kim Byeong-Ok,549858,77,$0.71M
70,Memento,-2000,R,113 min,"Mystery, Thriller",8.4,A man with short-term memory loss attempts to track down his wife's murderer.,Christopher Nolan,Guy Pearce,Carrie-Anne Moss,Joe Pantoliano,Mark Boone Junior,1184128,80,$25.54M
71,Princess Mononoke,-1997,PG-13,134 min,"Animation, Action, Adventure",8.4,"On a journey to find the cure for a Tatarigami's curse, Ashitaka finds himself in the middle of a war between the forest gods and Tatara, a mining colony. In this quest he also meets San, the Mononoke Hime.",Hayao Miyazaki,Yôji Matsuda,Yuriko Ishida,Yûko Tanaka,Billy Crudup,371611,76,$2.38M
72,Indiana Jones and the Raiders of the Lost Ark,-1981,PG,115 min,"Action, Adventure",8.4,"In 1936, archaeologist and adventurer Indiana Jones is hired by the U.S. government to find the Ark of the Covenant before 's Nazis can obtain its awesome powers.",Steven Spielberg,Harrison Ford,Karen Allen,Paul Freeman,John Rhys-Davies,927966,85,$248.16M
73,The Shining,-1980,R,146 min,"Drama, Horror",8.4,"A family heads to an isolated hotel for the winter where a sinister presence influences the father into violence, while his psychic son sees horrific forebodings from both past and future.",Stanley Kubrick,Jack Nicholson,Shelley Duvall,Danny Lloyd,Scatman Crothers,961617,66,$44.02M
74,Apocalypse Now,-1979,R,147 min,"Drama, Mystery, War",8.4,A U.S. Army officer serving in Vietnam is tasked with assassinating a renegade Special Forces Colonel who sees himself as a god.,Francis Ford Coppola,Martin Sheen,Marlon Brando,Robert Duvall,Frederic Forrest,638706,94,$83.47M
75,Alien,-1979,R,117 min,"Horror, Sci-Fi",8.4,"After a space merchant vessel receives an unknown transmission as a distress call, one of the crew is attacked by a mysterious life form and they soon realize that its life cycle has merely begun.",Ridley Scott,Sigourney Weaver,Tom Skerritt,John Hurt,Veronica Cartwright,836215,89,$78.90M
76,High and Low,-1963,Not Rated,143 min,"Crime, Drama, Mystery",8.4,An executive of a Yokohama shoe company becomes a victim of extortion when his chauffeur's son is kidnapped by mistake and held for ransom.,Akira Kurosawa,Toshirô Mifune,Yutaka Sada,Tatsuya Nakadai,Kyôko Kagawa,40926,,
77,Dr. Strangelove or: How I Learned to Stop Worrying and Love the Bomb,-1964,PG,95 min,"Comedy, War",8.4,"An insane American general orders a bombing attack on the Soviet Union, triggering a path to nuclear holocaust that a war room full of politicians and generals frantically tries to stop.",Stanley Kubrick,Peter Sellers,George C. Scott,Sterling Hayden,Keenan Wynn,472667,97,$0.28M
78,Witness for the Prosecution,-1957,Approved,116 min,"Crime, Drama, Mystery",8.4,A veteran British barrister must defend his client in a murder trial that has surprise after surprise.,Billy Wilder,Tyrone Power,Marlene Dietrich,Charles Laughton,Elsa Lanchester,118882,,$8.18M
79,Paths of Glory,-1957,Approved,88 min,"Drama, War",8.4,"After refusing to attack an enemy position, a general accuses the soldiers of cowardice and their commanding officer must defend them.",Stanley Kubrick,Kirk Douglas,Ralph Meeker,Adolphe Menjou,George Macready,189658,90,
80,Pather Panchali,-1955,Not Rated,125 min,Drama,8.4,"Impoverished priest Harihar Ray, dreaming of a better life for himself and his family, leaves his rural Bengal village in search of work.",Satyajit Ray,Kanu Bannerjee,Karuna Bannerjee,Subir Banerjee,Chunibala Devi,29836,,$0.54M
81,Sunset Blvd.,-1950,Passed,110 min,"Drama, Film-Noir",8.4,A screenwriter develops a dangerous relationship with a faded film star determined to make a triumphant return.,Billy Wilder,William Holden,Gloria Swanson,Erich von Stroheim,Nancy Olson,213877,,
82,The Great Dictator,-1940,G,125 min,"Comedy, Drama, War",8.4,Dictator Adenoid Hynkel tries to expand his empire while a poor Jewish barber tries to avoid persecution from Hynkel's regime.,Charles Chaplin,Charles Chaplin,Paulette Goddard,Jack Oakie,Reginald Gardiner,215863,,$0.29M
83,1917,-2019,R,119 min,"Action, Drama, War",8.3,"April 6th, 1917. As an infantry battalion assembles to wage war deep in enemy territory, two soldiers are assigned to race against time and deliver a message that will stop 1,600 men from walking straight into a deadly trap.",Sam Mendes,Dean-Charles Chapman,George MacKay,Daniel Mays,Colin Firth,518278,78,$159.23M
84,The Hunt,-2012,R,115 min,Drama,8.3,"A teacher lives a lonely life, all the while struggling over his son's custody. His life slowly gets better as he finds love and receives good news from his son, but his new luck is about to be brutally shattered by an innocent little lie.",Thomas Vinterberg,Mads Mikkelsen,Thomas Bo Larsen,Annika Wedderkopp,Lasse Fogelstrøm,310146,77,$0.69M
85,A Separation,-2011,PG-13,123 min,Drama,8.3,A married couple are faced with a difficult decision - to improve the life of their child by moving to another country or to stay in Iran and look after a deteriorating parent who has Alzheimer's disease.,Asghar Farhadi,Payman Maadi,Leila Hatami,Sareh Bayat,Shahab Hosseini,235060,95,$7.10M
86,Incendies,-2010,R,131 min,"Drama, Mystery, War",8.3,Twins journey to the Middle East to discover their family history and fulfill their mother's last wishes.,Denis Villeneuve,Lubna Azabal,Mélissa Désormeaux-Poulin,Maxim Gaudette,Mustafa Kamel,166777,80,$6.86M
87,The Father,(I) (2020),PG-13,97 min,"Drama, Mystery",8.3,"A man refuses all assistance from his daughter as he ages. As he tries to make sense of his changing circumstances, he begins to doubt his loved ones, his own mind and even the fabric of his reality.",Florian Zeller,Anthony Hopkins,Olivia Colman,Mark Gatiss,Olivia Williams,113499,88,
88,Inglourious Basterds,-2009,R,153 min,"Adventure, Drama, War",8.3,"In Nazi-occupied France during World War II, a plan to assassinate Nazi leaders by a group of Jewish U.S. soldiers coincides with a theatre owner's vengeful plans for the same.",Quentin Tarantino,Brad Pitt,Diane Kruger,Eli Roth,Mélanie Laurent,1357332,69,$120.54M
89,Eternal Sunshine of the Spotless Mind,-2004,R,108 min,"Drama, Romance, Sci-Fi",8.3,"When their relationship turns sour, a couple undergoes a medical procedure to have each other erased from their memories.",Michel Gondry,Jim Carrey,Kate Winslet,Tom Wilkinson,Gerry Robert Byrne,960761,89,$34.40M
90,Amélie,-2001,R,122 min,"Comedy, Romance",8.3,"Amélie is an innocent and naive girl in Paris with her own sense of justice. She decides to help those around her and, along the way, discovers love.",Jean-Pierre Jeunet,Audrey Tautou,Mathieu Kassovitz,Rufus,Lorella Cravotta,732054,69,$33.23M
91,Requiem for a Dream,-2000,R,102 min,Drama,8.3,The drug-induced utopias of four Coney Island people are shattered when their addictions run deep.,Darren Aronofsky,Ellen Burstyn,Jared Leto,Jennifer Connelly,Marlon Wayans,804961,68,$3.64M
92,American Beauty,-1999,R,122 min,Drama,8.3,A sexually frustrated suburban father has a mid-life crisis after becoming infatuated with his daughter's best friend.,Sam Mendes,Kevin Spacey,Annette Bening,Thora Birch,Wes Bentley,1115742,84,$130.10M
93,Good Will Hunting,-1997,R,126 min,"Drama, Romance",8.3,"Will Hunting, a janitor at M.I.T., has a gift for mathematics, but needs help from a psychologist to find direction in his life.",Gus Van Sant,Robin Williams,Matt Damon,Ben Affleck,Stellan Skarsgård,915708,70,$138.43M
94,Children of Heaven,-1997,PG,89 min,"Drama, Family, Sport",8.3,"After a boy loses his sister's pair of shoes, he goes on a series of adventures in order to find them. When he can't, he tries a new way to ""win"" a new pair.",Majid Majidi,Mohammad Amir Naji,Amir Farrokh Hashemian,Bahare Seddiqi,Nafise Jafar-Mohammadi,71594,77,$0.93M
95,Toy Story,-1995,G,81 min,"Animation, Adventure, Comedy",8.3,A cowboy doll is profoundly threatened and jealous when a new spaceman figure supplants him as top toy in a boy's room.,John Lasseter,Tom Hanks,Tim Allen,Don Rickles,Jim Varney,941103,95,$191.80M
96,Braveheart,-1995,R,178 min,"Biography, Drama, History",8.3,Scottish warrior William Wallace leads his countrymen in a rebellion to free his homeland from the tyranny of King Edward I of England.,Mel Gibson,Mel Gibson,Sophie Marceau,Patrick McGoohan,Angus Macfadyen,999264,68,$75.60M
97,Reservoir Dogs,-1992,R,99 min,"Crime, Drama, Thriller",8.3,"When a simple jewelry heist goes horribly wrong, the surviving criminals begin to suspect that one of them is a police informant.",Quentin Tarantino,Harvey Keitel,Tim Roth,Michael Madsen,Chris Penn,970977,79,$2.83M
98,Full Metal Jacket,-1987,R,116 min,"Drama, War",8.3,A pragmatic U.S. Marine observes the dehumanizing effects the Vietnam War has on his fellow recruits from their brutal boot camp training to the bloody street fighting in Hue.,Stanley Kubrick,Matthew Modine,R. Lee Ermey,Vincent D'Onofrio,Adam Baldwin,710376,76,$46.36M
99,Come and See,-1985,Not Rated,142 min,"Drama, Thriller, War",8.3,"After finding an old rifle, a young boy joins the Soviet resistance movement against ruthless German forces and experiences the horrors of World War II.",Elem Klimov,Aleksey Kravchenko,Olga Mironova,Liubomiras Laucevicius,Vladas Bagdonas,70608,,
100,Aliens,-1986,R,137 min,"Action, Adventure, Sci-Fi",8.3,"Fifty-seven years after surviving an apocalyptic attack aboard her space vessel by merciless space creatures, Officer Ripley awakens from hyper-sleep and tries to warn anyone who will listen about the predators.",James Cameron,Sigourney Weaver,Michael Biehn,Carrie Henn,Paul Reiser,687704,84,$85.16M
101,Once Upon a Time in America,-1984,R,229 min,"Crime, Drama",8.3,"A former Prohibition-era Jewish gangster returns to the Lower East Side of Manhattan 35 years later, where he must once again confront the ghosts and regrets of his old life.",Sergio Leone,Robert De Niro,James Woods,Elizabeth McGovern,Treat Williams,335091,75,$5.32M
102,Amadeus,-1984,R,160 min,"Biography, Drama, Music",8.3,"The life, success and troubles of , as told by , the contemporaneous composer who was insanely jealous of Mozart's talent and claimed to have murdered him.",Milos Forman,F. Murray Abraham,Tom Hulce,Elizabeth Berridge,Roy Dotrice,386835,88,$51.97M
103,Scarface,-1983,R,170 min,"Crime, Drama",8.3,"In 1980 Miami, a determined Cuban immigrant takes over a drug cartel and succumbs to greed.",Brian De Palma,Al Pacino,Michelle Pfeiffer,Steven Bauer,Mary Elizabeth Mastrantonio,791227,65,$45.60M
104,Star Wars: Episode VI - Return of the Jedi,-1983,PG,131 min,"Action, Adventure, Fantasy",8.3,"After a daring mission to rescue Han Solo from Jabba the Hutt, the Rebels dispatch to Endor to destroy the second Death Star. Meanwhile, Luke struggles to help Darth Vader back from the dark side without falling into the Emperor's trap.",Richard Marquand,Mark Hamill,Harrison Ford,Carrie Fisher,Billy Dee Williams,999891,58,$309.13M
105,Das Boot,-1981,R,149 min,"Drama, War",8.3,"The claustrophobic world of a WWII German U-boat; boredom, filth and sheer terror.",Wolfgang Petersen,Jürgen Prochnow,Herbert Grönemeyer,Klaus Wennemann,Hubertus Bengsch,243269,86,$11.49M
106,Dersu Uzala,-1975,G,142 min,"Adventure, Biography, Drama",8.3,The Russian army sends an explorer on an expedition to the snowy Siberian wilderness where he makes friends with a seasoned local hunter.,Akira Kurosawa,Maksim Munzuk,Yuriy Solomin,Mikhail Bychkov,Vladimir Khrulyov,26538,,
107,The Sting,-1973,PG,129 min,"Comedy, Crime, Drama",8.3,Two grifters team up to pull off the ultimate con.,George Roy Hill,Paul Newman,Robert Redford,Robert Shaw,Charles Durning,253296,83,$159.60M
108,A Clockwork Orange,-1971,R,136 min,"Crime, Sci-Fi",8.3,"In the future, a sadistic gang leader is imprisoned and volunteers for a conduct-aversion experiment, but it doesn't go as planned.",Stanley Kubrick,Malcolm McDowell,Patrick Magee,Michael Bates,Warren Clarke,795715,77,$6.21M
109,2001: A Space Odyssey,-1968,G,149 min,"Adventure, Sci-Fi",8.3,"The Monoliths push humanity to reach for the stars; after their discovery in Africa generations ago, the mysterious objects lead mankind on an awesome journey to Jupiter, with the help of H.A.L. 9000: the world's greatest supercomputer.",Stanley Kubrick,Keir Dullea,Gary Lockwood,William Sylvester,Daniel Richter,638955,84,$56.95M
110,Lawrence of Arabia,-1962,Approved,228 min,"Adventure, Biography, Drama",8.3,"The story of , the English officer who successfully united and led the diverse, often warring, Arab tribes during World War I in order to fight the Turks.",David Lean,Peter O'Toole,Alec Guinness,Anthony Quinn,Jack Hawkins,283057,100,$44.82M
111,The Apartment,-1960,Approved,125 min,"Comedy, Drama, Romance",8.3,"A Manhattan insurance clerk tries to rise in his company by letting its executives use his apartment for trysts, but complications and a romance of his own ensue.",Billy Wilder,Jack Lemmon,Shirley MacLaine,Fred MacMurray,Ray Walston,174676,94,$18.60M
112,North by Northwest,-1959,Approved,136 min,"Adventure, Mystery, Thriller",8.3,"A New York City advertising executive goes on the run after being mistaken for a government agent by a group of foreign spies, and falls for a woman whose loyalties he begins to doubt.",Alfred Hitchcock,Cary Grant,Eva Marie Saint,James Mason,Jessie Royce Landis,316258,98,$13.28M
113,Vertigo,-1958,PG,128 min,"Mystery, Romance, Thriller",8.3,"A former San Francisco police detective juggles wrestling with his personal demons and becoming obsessed with the hauntingly beautiful woman he has been hired to trail, who may be deeply disturbed.",Alfred Hitchcock,James Stewart,Kim Novak,Barbara Bel Geddes,Tom Helmore,387477,100,$3.20M
114,Singin' in the Rain,-1952,G,103 min,"Comedy, Musical, Romance",8.3,A silent film star falls for a chorus girl just as he and his delusionally jealous screen partner are trying to make the difficult transition to talking pictures in 1920s Hollywood.,Stanley Donen,Gene Kelly,Gene Kelly,Donald O'Connor,Debbie Reynolds,232106,99,$8.82M
115,Ikiru,-1952,Not Rated,143 min,Drama,8.3,A bureaucrat tries to find meaning in his life after he discovers he has terminal cancer.,Akira Kurosawa,Takashi Shimura,Nobuo Kaneko,Shin'ichi Himori,Haruo Tanaka,74978,,$0.06M
116,Bicycle Thieves,-1948,Not Rated,89 min,Drama,8.3,"In post-war Italy, a working-class man's bicycle is stolen, endangering his efforts to find work. He and his son set out to find it.",Vittorio De Sica,Lamberto Maggiorani,Enzo Staiola,Lianella Carell,Elena Altieri,157775,,$0.33M
117,Double Indemnity,-1944,Passed,107 min,"Crime, Drama, Film-Noir",8.3,"A Los Angeles insurance representative lets an alluring housewife seduce him into a scheme of insurance fraud and murder that arouses the suspicion of his colleague, an insurance investigator.",Billy Wilder,Fred MacMurray,Barbara Stanwyck,Edward G. Robinson,Byron Barr,151725,95,$5.72M
118,Citizen Kane,-1941,PG,119 min,"Drama, Mystery",8.3,"Following the death of publishing tycoon Charles Foster Kane, reporters scramble to uncover the meaning of his final utterance; 'Rosebud'.",Orson Welles,Orson Welles,Joseph Cotten,Dorothy Comingore,Agnes Moorehead,427403,100,$1.59M
119,M,-1931,Passed,99 min,"Crime, Mystery, Thriller",8.3,"When the police in a German city are unable to catch a child-murderer, other criminals join in the manhunt.",Fritz Lang,Peter Lorre,Ellen Widmann,Inge Landgut,Otto Wernicke,152542,,$0.03M
120,Metropolis,-1927,Not Rated,153 min,"Drama, Sci-Fi",8.3,"In a futuristic city sharply divided between the working class and the city planners, the son of the city's mastermind falls in love with a working-class prophet who predicts the coming of a savior to mediate their differences.",Fritz Lang,Brigitte Helm,Alfred Abel,Gustav Fröhlich,Rudolf Klein-Rogge,168795,98,$1.24M
121,The Kid,-1921,Passed,68 min,"Comedy, Drama, Family",8.3,"The Tramp cares for an abandoned child, but events put that relationship in jeopardy.",Charles Chaplin,Charles Chaplin,Edna Purviance,Jackie Coogan,Carl Miller,121905,,$5.45M
122,Andhadhun,-2018,Not Rated,139 min,"Comedy, Crime, Music",8.2,"A series of mysterious events change the life of a blind pianist, who must now report a crime that he should technically know nothing of.",Sriram Raghavan,Ayushmann Khurrana,Tabu,Radhika Apte,Anil Dhawan,85762,,$1.37M
123,Green Book,-2018,PG-13,130 min,"Biography, Comedy, Drama",8.2,A working-class Italian-American bouncer becomes the driver of an African-American classical pianist on a tour of venues through the 1960s American South.,Peter Farrelly,Viggo Mortensen,Mahershala Ali,Linda Cardellini,Sebastian Maniscalco,441202,69,$85.08M
124,A Silent Voice: The Movie,-2016,Not Rated,130 min,"Animation, Drama",8.2,"A young man is ostracized by his classmates after he bullies a deaf girl to the point where she moves away. Years later, he sets off on a path for redemption.",Naoko Yamada,Miyu Irino,Saori Hayami,Aoi Yûki,Kenshô Ono,68216,78,
125,Klaus,-2019,PG,96 min,"Animation, Adventure, Comedy",8.2,"A simple act of kindness always sparks another, even in a frozen, faraway place. When Smeerensburg's new postman, Jesper, befriends toymaker Klaus, their gifts melt an age-old feud and deliver a sleigh full of holiday traditions.",Sergio Pablos,Carlos Martínez López,Jason Schwartzman,J.K. Simmons,Rashida Jones,133663,65,
126,Gangs of Wasseypur,-2012,Not Rated,321 min,"Action, Comedy, Crime",8.2,"A clash between Sultan and Shahid Khan leads to the expulsion of Khan from Wasseypur, and ignites a deadly blood feud spanning three generations.",Anurag Kashyap,Manoj Bajpayee,Richa Chadha,Nawazuddin Siddiqui,Tigmanshu Dhulia,91598,89,
127,The Secret in Their Eyes,-2009,R,129 min,"Drama, Mystery, Romance",8.2,A retired legal counselor writes a novel hoping to find closure for one of his past unresolved homicide cases and for his unreciprocated love with his superior - both of which still haunt him decades later.,Juan José Campanella,Ricardo Darín,Soledad Villamil,Pablo Rago,Carla Quevedo,203213,80,$6.39M
128,Dune,-2021,PG-13,155 min,"Action, Adventure, Drama",8.2,Feature adaptation of Frank Herbert's science fiction novel about the son of a noble family entrusted with the protection of the most valuable asset and most vital element in the galaxy.,Denis Villeneuve,Timothée Chalamet,Rebecca Ferguson,Zendaya,Oscar Isaac,417890,74,
129,Shutter Island,-2010,R,138 min,"Mystery, Thriller",8.2,"In 1954, a U.S. Marshal investigates the disappearance of a murderer who escaped from a hospital for the criminally insane.",Martin Scorsese,Leonardo DiCaprio,Emily Mortimer,Mark Ruffalo,Ben Kingsley,1221247,63,$128.01M
130,Up,-2009,PG,96 min,"Animation, Adventure, Comedy",8.2,"78-year-old Carl Fredricksen travels to Paradise Falls in his house equipped with balloons, inadvertently taking a young stowaway.",Pete Docter,Bob Peterson,Ed Asner,Jordan Nagai,John Ratzenberger,990323,88,$293.00M
131,Miracle in Cell No. 7,-2019,TV-14,132 min,Drama,8.2,A story of love between a mentally-ill father who was wrongly accused of murder and his lovely six year old daughter. Prison will be their home. Based on the 2013 Korean movie  (2013).,Mehmet Ada Öztekin,Aras Bulut Iynemli,Nisa Sofiya Aksongur,Deniz Baysal,Celile Toyon Uysal,44182,,
132,The Wolf of Wall Street,-2013,R,180 min,"Biography, Comedy, Crime",8.2,"Based on the true story of , from his rise to a wealthy stock-broker living the high life to his fall involving crime, corruption and the federal government.",Martin Scorsese,Leonardo DiCaprio,Jonah Hill,Margot Robbie,Matthew McConaughey,1295702,75,$116.90M
133,My Father and My Son,-2005,Not Rated,112 min,"Drama, Family",8.2,The family of a left-wing journalist is torn apart after the military coup of Turkey in 1980.,Cagan Irmak,Eser Sariyar,Çetin Tekindor,Fikret Kuskan,Hümeyra,84131,,
134,There Will Be Blood,-2007,R,158 min,Drama,8.2,"A story of family, religion, hatred, oil and madness, focusing on a turn-of-the-century prospector in the early days of the business.",Paul Thomas Anderson,Daniel Day-Lewis,Paul Dano,Ciarán Hinds,Martin Stringer,554523,93,$40.22M
135,Pan's Labyrinth,-2006,R,118 min,"Drama, Fantasy, War",8.2,"In the Falangist Spain of 1944, the bookish young stepdaughter of a sadistic army officer escapes into an eerie but captivating fantasy world.",Guillermo del Toro,Ivana Baquero,Ariadna Gil,Sergi López,Maribel Verdú,645807,98,$37.63M
136,Toy Story 3,-2010,G,103 min,"Animation, Adventure, Comedy",8.2,"The toys are mistakenly delivered to a day-care center instead of the attic right before Andy leaves for college, and it's up to Woody to convince the other toys that they weren't abandoned and to return home.",Lee Unkrich,Tom Hanks,Tim Allen,Joan Cusack,Ned Beatty,796770,92,$415.00M
137,Batman Begins,-2005,PG-13,140 min,"Action, Crime, Drama",8.2,"After training with his mentor, Batman begins his fight to free crime-ridden Gotham City from corruption.",Christopher Nolan,Christian Bale,Michael Caine,Ken Watanabe,Liam Neeson,1380134,70,$206.85M
138,Downfall,-2004,R,156 min,"Biography, Drama, History",8.2,", the final secretary for , tells of the Nazi dictator's final days in his Berlin bunker at the end of WWII.",Oliver Hirschbiegel,Bruno Ganz,Alexandra Maria Lara,Ulrich Matthes,Juliane Köhler,345017,82,$5.51M
139,Howl's Moving Castle,-2004,PG,119 min,"Animation, Adventure, Family",8.2,"When an unconfident young woman is cursed with an old body by a spiteful witch, her only chance of breaking the spell lies with a self-indulgent yet insecure young wizard and his companions in his legged, walking castle.",Hayao Miyazaki,Chieko Baishô,Takuya Kimura,Tatsuya Gashûin,Akihiro Miwa,366078,80,$4.71M
140,A Beautiful Mind,-2001,PG-13,135 min,"Biography, Drama",8.2,"After , a brilliant but asocial mathematician, accepts secret work in cryptography, his life takes a turn for the nightmarish.",Ron Howard,Russell Crowe,Ed Harris,Jennifer Connelly,Christopher Plummer,892795,72,$170.74M
141,Snatch,-2000,R,102 min,"Comedy, Crime",8.2,"Unscrupulous boxing promoters, violent bookmakers, a Russian gangster, incompetent amateur robbers and supposedly Jewish jewelers fight to track down a priceless stolen diamond.",Guy Ritchie,Jason Statham,Brad Pitt,Stephen Graham,Vinnie Jones,821953,55,$30.33M
142,"Lock, Stock and Two Smoking Barrels",-1998,R,107 min,"Action, Comedy, Crime",8.2,"Eddy persuades his three pals to pool money for a vital poker game against a powerful local mobster, Hatchet Harry. Eddy loses, after which Harry gives him a week to pay back 500,000 pounds.",Guy Ritchie,Jason Flemyng,Dexter Fletcher,Nick Moran,Jason Statham,561789,66,$3.90M
143,L.A. Confidential,-1997,R,138 min,"Crime, Drama, Mystery",8.2,"As corruption grows in 1950s Los Angeles, three policemen - one strait-laced, one brutal, and one sleazy - investigate a series of murders with their own brand of justice.",Curtis Hanson,Kevin Spacey,Russell Crowe,Guy Pearce,Kim Basinger,560400,90,$64.62M
144,The Bandit,-1996,Not Rated,128 min,"Crime, Drama, Thriller",8.2,"Baran the Bandit, released from prison after 35 years, searches for vengeance and his lover.",Yavuz Turgul,Sener Sen,Ugur Yücel,Sermin Hürmeriç,Yesim Salkim,68582,,
145,Heat,-1995,R,170 min,"Action, Crime, Drama",8.2,A group of high-end professional thieves start to feel the heat from the LAPD when they unknowingly leave a clue at their latest heist.,Michael Mann,Al Pacino,Robert De Niro,Val Kilmer,Jon Voight,619049,76,$67.44M
146,Casino,-1995,R,178 min,"Crime, Drama",8.2,"A tale of greed, deception, money, power, and murder occur between two best friends: a mafia enforcer and a casino executive compete against each other over a gambling empire, and over a fast-living and fast-loving socialite.",Martin Scorsese,Robert De Niro,Sharon Stone,Joe Pesci,James Woods,495286,73,$42.44M
147,Unforgiven,-1992,R,130 min,"Drama, Western",8.2,"Retired Old West gunslinger William Munny reluctantly takes on one last job, with the help of his old partner Ned Logan and a young man, The ""Schofield Kid.""",Clint Eastwood,Clint Eastwood,Gene Hackman,Morgan Freeman,Richard Harris,396934,85,$101.16M
148,Indiana Jones and the Last Crusade,-1989,PG-13,127 min,"Action, Adventure",8.2,"In 1938, after his father Professor Henry Jones, Sr. goes missing while pursuing the Holy Grail, Professor Henry ""Indiana"" Jones, Jr. finds himself up against 's Nazis again to stop them from obtaining its powers.",Steven Spielberg,Harrison Ford,Sean Connery,Alison Doody,Denholm Elliott,725859,65,$197.17M
149,My Neighbor Totoro,-1988,G,86 min,"Animation, Comedy, Family",8.2,"When two girls move to the country to be near their ailing mother, they have adventures with the wondrous forest spirits who live nearby.",Hayao Miyazaki,Hitoshi Takagi,Noriko Hidaka,Chika Sakamoto,Shigesato Itoi,317488,86,$1.11M
150,Die Hard,-1988,R,132 min,"Action, Thriller",8.2,An NYPD officer tries to save his wife and several others taken hostage by German terrorists during a Christmas party at the Nakatomi Plaza in Los Angeles.,John McTiernan,Bruce Willis,Alan Rickman,Bonnie Bedelia,Reginald VelJohnson,840595,72,$83.01M
151,Ran,-1985,R,162 min,"Action, Drama, War",8.2,"In Medieval Japan, an elderly warlord retires, handing over his empire to his three sons. However, he vastly underestimates how the new-found power will corrupt them and cause them to turn on each other...and him.",Akira Kurosawa,Tatsuya Nakadai,Akira Terao,Jinpachi Nezu,Daisuke Ryû,121074,96,$4.14M
152,Raging Bull,-1980,R,129 min,"Biography, Drama, Sport",8.2,"The life of boxer , whose violence and temper that led him to the top in the ring destroyed his life outside of it.",Martin Scorsese,Robert De Niro,Cathy Moriarty,Joe Pesci,Frank Vincent,339747,89,$23.38M
153,Autumn Sonata,-1978,PG,99 min,"Drama, Music",8.2,"A devoted wife is visited by her mother, a successful concert pianist who had little time for her when she was young.",Ingmar Bergman,Ingrid Bergman,Liv Ullmann,Lena Nyman,Halvar Björk,32443,,
154,Taxi Driver,-1976,R,114 min,"Crime, Drama",8.2,"A mentally unstable veteran works as a nighttime taxi driver in New York City, where the perceived decadence and sleaze fuels his urge for violent action.",Martin Scorsese,Robert De Niro,Jodie Foster,Cybill Shepherd,Albert Brooks,774276,94,$28.26M
155,Monty Python and the Holy Grail,-1975,PG,91 min,"Adventure, Comedy, Fantasy",8.2,"King Arthur and his Knights of the Round Table embark on a surreal, low-budget search for the Holy Grail, encountering many, very silly obstacles.",Terry Gilliam,Terry Jones,Graham Chapman,John Cleese,Eric Idle,523422,91,$1.23M
156,Chinatown,-1974,R,130 min,"Drama, Mystery, Thriller",8.2,"A private detective hired to expose an adulterer in 1930s Los Angeles finds himself caught up in a web of deceit, corruption, and murder.",Roman Polanski,Jack Nicholson,Faye Dunaway,John Huston,Perry Lopez,313579,92,$8.49M
157,Z,-1969,M,127 min,"Crime, Drama, History",8.2,The public murder of a prominent politician and doctor amid a violent demonstration is covered up by military and government officials. A tenacious magistrate is determined not to let them get away with it.,Costa-Gavras,Yves Montand,Irene Papas,Jean-Louis Trintignant,François Périer,26869,86,$0.08M
158,For a Few Dollars More,-1965,R,132 min,Western,8.2,Two bounty hunters with the same intentions team up to track down an escaped Mexican outlaw.,Sergio Leone,Clint Eastwood,Lee Van Cleef,Gian Maria Volontè,Mara Krupp,246804,74,$15.00M
159,The Great Escape,-1963,Approved,172 min,"Adventure, Drama, History",8.2,Allied prisoners of war plan for several hundred of their number to escape from a German camp during World War II.,John Sturges,Steve McQueen,James Garner,Richard Attenborough,Charles Bronson,236559,86,$12.10M
160,To Kill a Mockingbird,-1962,Approved,129 min,"Crime, Drama",8.2,"Atticus Finch, a widowed lawyer in Depression-era Alabama, defends a black man against an undeserved rape charge, and his children against prejudice.",Robert Mulligan,Gregory Peck,John Megna,Frank Overton,Rosemary Murphy,307202,88,
161,Yojimbo,-1961,Not Rated,110 min,"Action, Drama, Thriller",8.2,A crafty ronin comes to a town divided by two criminal gangs and decides to play them against each other to free the town.,Akira Kurosawa,Toshirô Mifune,Eijirô Tôno,Tatsuya Nakadai,Yôko Tsukasa,118763,93,
162,Judgment at Nuremberg,-1961,Approved,179 min,"Drama, War",8.2,"In 1948, an American court in occupied Germany tries four Nazis judged for war crimes.",Stanley Kramer,Spencer Tracy,Burt Lancaster,Richard Widmark,Marlene Dietrich,74699,60,
163,Some Like It Hot,-1959,Passed,121 min,"Comedy, Music, Romance",8.2,"After two male musicians witness a mob hit, they flee the state in an all-female band disguised as women, but further complications set in.",Billy Wilder,Marilyn Monroe,Tony Curtis,Jack Lemmon,George Raft,257469,98,$25.00M
164,Wild Strawberries,-1957,Not Rated,91 min,"Drama, Romance",8.2,"After living a life marked by coldness, an aging professor is forced to confront the emptiness of his existence.",Ingmar Bergman,Victor Sjöström,Bibi Andersson,Ingrid Thulin,Gunnar Björnstrand,103622,88,
165,The Seventh Seal,-1957,Not Rated,96 min,"Drama, Fantasy, History",8.2,"A knight returning to Sweden after the Crusades seeks answers about life, death, and the existence of God as he plays chess against the Grim Reaper during the Black Plague.",Ingmar Bergman,Max von Sydow,Gunnar Björnstrand,Bengt Ekerot,Nils Poppe,178076,88,
166,Dial M for Murder,-1954,PG,105 min,"Crime, Thriller",8.2,A former tennis player tries to arrange his wife's murder after learning of her affair.,Alfred Hitchcock,Ray Milland,Grace Kelly,Robert Cummings,John Williams,169066,75,$0.01M
167,Tokyo Story,-1953,Not Rated,136 min,Drama,8.2,"An old couple visit their children and grandchildren in the city, but receive little attention.",Yasujirô Ozu,Chishû Ryû,Chieko Higashiyama,Sô Yamamura,Setsuko Hara,58792,,
168,Rashomon,-1950,Not Rated,88 min,"Crime, Drama, Mystery",8.2,"The rape of a bride and the murder of her samurai husband are recalled from the perspectives of a bandit, the bride, the samurai's ghost and a woodcutter.",Akira Kurosawa,Toshirô Mifune,Machiko Kyô,Masayuki Mori,Takashi Shimura,162274,98,$0.10M
169,All About Eve,-1950,Passed,138 min,Drama,8.2,A seemingly timid but secretly ruthless ingénue insinuates herself into the lives of an aging Broadway star and her circle of theater friends.,Joseph L. Mankiewicz,Bette Davis,Anne Baxter,George Sanders,Celeste Holm,127476,98,$0.01M
170,The Treasure of the Sierra Madre,-1948,Passed,126 min,"Adventure, Drama, Western",8.2,Two down-on-their-luck Americans searching for work in 1920s Mexico convince an old prospector to help them mine for gold in the Sierra Madre Mountains.,John Huston,Humphrey Bogart,Walter Huston,Tim Holt,Bruce Bennett,121182,98,$5.01M
171,To Be or Not to Be,-1942,Passed,99 min,"Comedy, Romance, War",8.2,"During the Nazi occupation of Poland, an acting troupe becomes embroiled in a Polish soldier's efforts to track down a German spy.",Ernst Lubitsch,Carole Lombard,Jack Benny,Robert Stack,Felix Bressart,34727,86,
172,The Gold Rush,-1925,Passed,95 min,"Adventure, Comedy, Drama",8.2,"A prospector goes to the Klondike during the 1890s gold rush in hopes of making his fortune, and is smitten with a girl he sees in a dance hall.",Charles Chaplin,Charles Chaplin,Mack Swain,Tom Murray,Henry Bergman,107737,,$5.45M
173,Sherlock Jr.,-1924,Passed,45 min,"Action, Comedy, Romance",8.2,"A film projectionist longs to be a detective, and puts his meagre skills to work when he is framed by a rival for stealing his girlfriend's father's pocketwatch.",Buster Keaton,Buster Keaton,Kathryn McGuire,Joe Keaton,Erwin Connelly,46967,,$0.98M
174,"Three Billboards Outside Ebbing, Missouri",-2017,R,115 min,"Comedy, Crime, Drama",8.1,A mother personally challenges the local authorities to solve her daughter's murder when they fail to catch the culprit.,Martin McDonagh,Frances McDormand,Woody Harrelson,Sam Rockwell,Caleb Landry Jones,475981,88,$54.51M
175,The Handmaiden,-2016,Not Rated,145 min,"Drama, Romance, Thriller",8.1,"A woman is hired as a handmaiden to a Japanese heiress, but secretly she is involved in a plot to defraud her.",Park Chan-Wook,Kim Min-hee,Ha Jung-woo,Cho Jin-woong,Moon So-ri,132314,84,$2.01M
176,Logan,-2017,R,137 min,"Action, Drama, Sci-Fi",8.1,"In a future where mutants are nearly extinct, an elderly and weary Logan leads a quiet life. But when Laura, a mutant child pursued by scientists, comes to him for help, he must get her to safety.",James Mangold,Hugh Jackman,Patrick Stewart,Dafne Keen,Boyd Holbrook,704205,77,$226.28M
177,Room,(I) (2015),R,118 min,"Drama, Thriller",8.1,"Held captive for 7 years in an enclosed space, a woman and her young son finally gain their freedom, allowing the boy to experience the outside world for the first time.",Lenny Abrahamson,Brie Larson,Jacob Tremblay,Sean Bridgers,Wendy Crewson,398899,86,$14.68M
178,Wild Tales,-2014,R,122 min,"Comedy, Drama, Thriller",8.1,Six short stories that explore the extremities of human behavior involving people in distress.,Damián Szifron,Darío Grandinetti,María Marull,Mónica Villa,Diego Starosta,189591,77,$3.11M
179,The Grand Budapest Hotel,-2014,R,99 min,"Adventure, Comedy, Crime",8.1,"A writer encounters the owner of an aging high-class hotel, who tells him of his early years serving as a lobby boy in the hotel's glorious years under an exceptional concierge.",Wes Anderson,Ralph Fiennes,F. Murray Abraham,Mathieu Amalric,Adrien Brody,760453,88,$59.10M
180,Gone Girl,-2014,R,149 min,"Drama, Mystery, Thriller",8.1,"With his wife's disappearance having become the focus of an intense media circus, a man sees the spotlight turned on him when it's suspected that he may not be innocent.",David Fincher,Ben Affleck,Rosamund Pike,Neil Patrick Harris,Tyler Perry,926047,79,$167.77M
181,Hacksaw Ridge,-2016,R,139 min,"Biography, Drama, History",8.1,"World War II American Army Medic , who served during the Battle of Okinawa, refuses to kill people and becomes the first man in American history to receive the Medal of Honor without firing a shot.",Mel Gibson,Andrew Garfield,Sam Worthington,Luke Bracey,Teresa Palmer,480632,71,$67.21M
182,Inside Out,(I) (2015),PG,95 min,"Animation, Adventure, Comedy",8.1,"After young Riley is uprooted from her Midwest life and moved to San Francisco, her emotions - Joy, Fear, Anger, Disgust and Sadness - conflict on how best to navigate a new city, house, and school.",Pete Docter,Ronnie Del Carmen,Amy Poehler,Bill Hader,Lewis Black,666648,94,$356.46M
183,12 Years a Slave,-2013,R,134 min,"Biography, Drama, History",8.1,"In the antebellum United States, , a free black man from upstate New York, is abducted and sold into slavery.",Steve McQueen,Chiwetel Ejiofor,Michael Kenneth Williams,Michael Fassbender,Brad Pitt,672833,96,$56.67M
184,Rush,(I) (2013),R,123 min,"Action, Biography, Drama",8.1,The merciless 1970s rivalry between Formula One rivals  and .,Ron Howard,Daniel Brühl,Chris Hemsworth,Olivia Wilde,Alexandra Maria Lara,459118,74,$26.95M
185,Ford v Ferrari,-2019,PG-13,152 min,"Action, Biography, Drama",8.1,American car designer  and driver  battle corporate interference and the laws of physics to build a revolutionary race car for Ford in order to defeat Ferrari at the 24 Hours of Le Mans in 1966.,James Mangold,Matt Damon,Christian Bale,Jon Bernthal,Caitriona Balfe,348224,81,$117.62M
186,Spotlight,(I) (2015),R,129 min,"Biography, Crime, Drama",8.1,"The true story of how the Boston Globe uncovered the massive scandal of child molestation and cover-up within the local Catholic Archdiocese, shaking the entire Catholic Church to its core.",Tom McCarthy,Mark Ruffalo,Michael Keaton,Rachel McAdams,Liev Schreiber,449414,93,$45.06M
187,Prisoners,-2013,R,153 min,"Crime, Drama, Mystery",8.1,"When Keller Dover's daughter and her friend go missing, he takes matters into his own hands as the police pursue multiple leads and the pressure mounts.",Denis Villeneuve,Hugh Jackman,Jake Gyllenhaal,Viola Davis,Melissa Leo,654280,70,$61.00M
188,Mad Max: Fury Road,-2015,R,120 min,"Action, Adventure, Sci-Fi",8.1,"In a post-apocalyptic wasteland, a woman rebels against a tyrannical ruler in search for her homeland with the aid of a group of female prisoners, a psychotic worshiper, and a drifter named Max.",George Miller,Tom Hardy,Charlize Theron,Nicholas Hoult,Zoë Kravitz,944613,90,$154.06M
189,Warrior,-2011,PG-13,140 min,"Action, Drama, Sport",8.1,"The youngest son of an alcoholic former boxer returns home, where he's trained by his father for competition in a mixed martial arts tournament - a path that puts the fighter on a collision course with his estranged, older brother.",Gavin O'Connor,Tom Hardy,Nick Nolte,Joel Edgerton,Jennifer Morrison,454687,71,$13.66M
190,Gran Torino,-2008,R,116 min,Drama,8.1,"Disgruntled Korean War veteran Walt Kowalski sets out to reform his neighbor, Thao Lor, a Hmong teenager who tried to steal Kowalski's prized possession: a 1972 Gran Torino.",Clint Eastwood,Clint Eastwood,Bee Vang,Christopher Carley,Ahney Her,749991,72,$148.10M
191,Harry Potter and the Deathly Hallows: Part 2,-2011,PG-13,130 min,"Adventure, Fantasy, Mystery",8.1,"Harry, Ron, and Hermione search for Voldemort's remaining Horcruxes in their effort to destroy the Dark Lord as the final battle rages on at Hogwarts.",David Yates,Daniel Radcliffe,Emma Watson,Rupert Grint,Michael Gambon,818892,85,$381.01M
192,Hachi: A Dog's Tale,-2009,G,93 min,"Biography, Drama, Family",8.1,A college professor bonds with an abandoned dog he takes into his home.,Lasse Hallström,Richard Gere,Joan Allen,Cary-Hiroyuki Tagawa,Sarah Roemer,270784,,
193,Mary and Max,-2009,Not Rated,92 min,"Animation, Comedy, Drama",8.1,"A tale of friendship between two unlikely pen pals: Mary, a lonely, eight-year-old girl living in the suburbs of Melbourne, and Max, a forty-four-year old, severely obese man living in New York.",Adam Elliot,Toni Collette,Philip Seymour Hoffman,Eric Bana,Barry Humphries,172456,,
194,How to Train Your Dragon,-2010,PG,98 min,"Animation, Action, Adventure",8.1,"A hapless young Viking who aspires to hunt dragons becomes the unlikely friend of a young dragon himself, and learns there may be more to the creatures than he assumed.",Dean DeBlois,Chris Sanders,Jay Baruchel,Gerard Butler,Christopher Mintz-Plasse,703537,75,$217.58M
195,Into the Wild,-2007,R,148 min,"Adventure, Biography, Drama",8.1,"After graduating from Emory University, top student and athlete Christopher McCandless abandons his possessions, gives his entire $24,000 savings account to charity and hitchhikes to Alaska to live in the wilderness. Along the way, Christopher encounters a series of characters that shape his life.",Sean Penn,Emile Hirsch,Vince Vaughn,Catherine Keener,Marcia Gay Harden,601693,73,$18.35M
196,No Country for Old Men,-2007,R,122 min,"Crime, Drama, Thriller",8.1,Violence and mayhem ensue after a hunter stumbles upon a drug deal gone wrong and more than two million dollars in cash near the Rio Grande.,Ethan Coen,Joel Coen,Tommy Lee Jones,Javier Bardem,Josh Brolin,917570,91,$74.28M
197,V for Vendetta,-2005,R,132 min,"Action, Drama, Sci-Fi",8.1,"In a future British tyranny, a shadowy freedom fighter, known only by the alias of ""V,"" plots to overthrow it with the help of a young woman.",James McTeigue,Hugo Weaving,Natalie Portman,Rupert Graves,Stephen Rea,1081061,62,$70.51M
198,Million Dollar Baby,-2004,PG-13,132 min,"Drama, Sport",8.1,A determined woman works with a hardened boxing trainer to become a professional.,Clint Eastwood,Hilary Swank,Clint Eastwood,Morgan Freeman,Jay Baruchel,664634,86,$100.49M
199,Hotel Rwanda,-2004,PG-13,121 min,"Biography, Drama, History",8.1,", a hotel manager, houses over a thousand Tutsi refugees during their struggle against the Hutu militia in Rwanda, Africa.",Terry George,Don Cheadle,Sophie Okonedo,Joaquin Phoenix,Xolani Mali,346603,79,$23.53M
200,Before Sunset,-2004,R,80 min,"Drama, Romance",8.1,"Nine years after Jesse and Celine first met, they encounter each other again on the French leg of Jesse's book tour.",Richard Linklater,Ethan Hawke,Julie Delpy,Vernon Dobtcheff,Louise Lemoine Torrès,251581,90,$5.82M
201,Memories of Murder,-2003,Not Rated,132 min,"Crime, Drama, Mystery",8.1,"In a small Korean province in 1986, two detectives struggle with the case of multiple young women being found raped and murdered by an unknown culprit.",Bong Joon Ho,Kang-ho Song,Kim Sang-kyung,Roe-ha Kim,Jae-ho Song,164706,82,$0.01M
202,Kill Bill: Vol. 1,-2003,R,111 min,"Action, Crime, Drama",8.1,"After awakening from a four-year coma, a former assassin wreaks vengeance on the team of assassins who betrayed her.",Quentin Tarantino,Uma Thurman,David Carradine,Daryl Hannah,Michael Madsen,1061744,69,$70.10M
203,Finding Nemo,-2003,G,100 min,"Animation, Adventure, Comedy",8.1,"After his son is captured in the Great Barrier Reef and taken to Sydney, a timid clownfish sets out on a journey to bring him home.",Andrew Stanton,Lee Unkrich,Albert Brooks,Ellen DeGeneres,Alexander Gould,996746,90,$380.84M
204,Catch Me If You Can,-2002,PG-13,141 min,"Biography, Crime, Drama",8.1,"Barely 21 yet, Frank is a skilled forger who has passed as a doctor, lawyer and pilot. FBI agent Carl becomes obsessed with tracking down the con man, who only revels in the pursuit.",Steven Spielberg,Leonardo DiCaprio,Tom Hanks,Christopher Walken,Martin Sheen,907766,75,$164.62M
205,Amores perros,-2000,R,154 min,"Drama, Thriller",8.1,"A horrific car accident connects three stories, each involving characters dealing with loss, regret, and life's harsh realities, all in the name of love.",Alejandro G. Iñárritu,Emilio Echevarría,Gael García Bernal,Goya Toledo,Álvaro Guerrero,234220,83,$5.38M
206,"Monsters, Inc.",-2001,G,92 min,"Animation, Adventure, Comedy",8.1,"In order to power the city, monsters have to scare children so that they scream. However, the children are toxic to the monsters, and after a child gets through, two monsters realize things may not be what they think.",Pete Docter,David Silverman,Lee Unkrich,Billy Crystal,John Goodman,863317,79,$289.92M
207,Neon Genesis Evangelion: The End of Evangelion,-1997,TV-MA,87 min,"Animation, Action, Drama",8.1,Concurrent theatrical ending of the TV series  (1995).,Hideaki Anno,Kazuya Tsurumaki,Megumi Ogata,Megumi Hayashibara,Yûko Miyamura,49072,,
208,The Sixth Sense,-1999,PG-13,107 min,"Drama, Mystery, Thriller",8.1,"A frightened, withdrawn Philadelphia boy who communicates with spirits seeks the help of a disheartened child psychologist.",M. Night Shyamalan,Bruce Willis,Haley Joel Osment,Toni Collette,Olivia Williams,952624,64,$293.51M
209,The Truman Show,-1998,PG,103 min,"Comedy, Drama",8.1,An insurance salesman discovers his whole life is actually a reality TV show.,Peter Weir,Jim Carrey,Ed Harris,Laura Linney,Noah Emmerich,1007350,90,$125.62M
210,The Big Lebowski,-1998,R,117 min,"Comedy, Crime, Sport",8.1,"Ultimate L.A. slacker Jeff ""The Dude"" Lebowski, mistaken for a millionaire of the same name, seeks restitution for a rug ruined by debt collectors, enlisting his bowling buddies for help while trying to find the millionaire's missing wife.",Joel Coen,Ethan Coen,Jeff Bridges,John Goodman,Julianne Moore,775912,71,$17.50M
211,In the Mood for Love,-2000,PG,98 min,"Drama, Romance",8.1,"Two neighbors form a strong bond after both suspect extramarital activities of their spouses. However, they agree to keep their bond platonic so as not to commit similar wrongs.",Kar-Wai Wong,Tony Chiu-Wai Leung,Maggie Cheung,Siu Ping-Lam,Tung Cho 'Joe' Cheung,140230,85,$2.73M
212,Trainspotting,-1996,R,93 min,Drama,8.1,"Renton, deeply immersed in the Edinburgh drug scene, tries to clean up and get out, despite the allure of the drugs and influence of friends.",Danny Boyle,Ewan McGregor,Ewen Bremner,Jonny Lee Miller,Kevin McKidd,663132,83,$16.50M
213,Fargo,-1996,R,98 min,"Crime, Thriller",8.1,Minnesota car salesman Jerry Lundegaard's inept crime falls apart due to his and his henchmen's bungling and the persistent police work of the quite pregnant Marge Gunderson.,Joel Coen,Ethan Coen,William H. Macy,Frances McDormand,Steve Buscemi,651412,85,$24.61M
214,La Haine,-1995,Not Rated,98 min,"Crime, Drama",8.1,24 hours in the lives of three young men in the French suburbs the day after a violent riot.,Mathieu Kassovitz,Vincent Cassel,Hubert Koundé,Saïd Taghmaoui,Abdel Ahmed Ghili,163350,,$0.31M
215,Before Sunrise,-1995,R,101 min,"Drama, Romance",8.1,"A young man and woman meet on a train in Europe, and wind up spending one evening together in Vienna. Unfortunately, both know that this will probably be their only night together.",Richard Linklater,Ethan Hawke,Julie Delpy,Andrea Eckert,Hanno Pöschl,291507,77,$5.54M
216,Jurassic Park,-1993,PG-13,127 min,"Action, Adventure, Sci-Fi",8.1,A pragmatic paleontologist touring an almost complete theme park on an island in Central America is tasked with protecting a couple of kids after a power failure causes the park's cloned dinosaurs to run loose.,Steven Spielberg,Sam Neill,Laura Dern,Jeff Goldblum,Richard Attenborough,923629,68,$402.45M
217,In the Name of the Father,-1993,R,133 min,"Biography, Crime, Drama",8.1,A man's coerced confession to an I.R.A. bombing he did not commit results in the imprisonment of his father as well. An English lawyer fights to free them.,Jim Sheridan,Daniel Day-Lewis,Pete Postlethwaite,Alison Crosbie,Philip King,168046,84,$25.01M
218,Dead Poets Society,-1989,PG,128 min,"Comedy, Drama",8.1,Maverick teacher John Keating uses poetry to embolden his boarding school students to new heights of self-expression.,Peter Weir,Robin Williams,Robert Sean Leonard,Ethan Hawke,Josh Charles,457898,79,$95.86M
219,The Princess Bride,-1987,PG,98 min,"Adventure, Family, Fantasy",8.1,"While homesick in bed, a young boy's grandfather reads him the story of a farmboy-turned-pirate who encounters numerous obstacles, enemies and allies in his quest to be reunited with his true love.",Rob Reiner,Cary Elwes,Mandy Patinkin,Robin Wright,Chris Sarandon,414569,77,$30.86M
220,Stand by Me,-1986,R,89 min,"Adventure, Drama",8.1,"After the death of one of his friends, a writer recounts a childhood journey with his friends to find the body of a missing boy.",Rob Reiner,Wil Wheaton,River Phoenix,Corey Feldman,Jerry O'Connell,384651,75,$52.29M
221,Platoon,-1986,R,120 min,"Drama, War",8.1,"Chris Taylor, a neophyte recruit in Vietnam, finds himself caught in a battle of wills between two sergeants, one good and the other evil. A shrewd examination of the brutality of war and the duality of man in conflict.",Oliver Stone,Charlie Sheen,Tom Berenger,Willem Dafoe,Keith David,399645,92,$138.53M
222,"Paris, Texas",-1984,R,145 min,Drama,8.1,"Travis Henderson, an aimless drifter who has been missing for four years, wanders out of the desert and must reconnect with society, himself, his life, and his family.",Wim Wenders,Harry Dean Stanton,Nastassja Kinski,Dean Stockwell,Sam Berry,101352,78,$2.18M
223,Nausicaä of the Valley of the Wind,-1984,PG,117 min,"Animation, Adventure, Sci-Fi",8.1,Warrior and pacifist Princess Nausicaä desperately struggles to prevent two warring nations from destroying themselves and their dying planet.,Hayao Miyazaki,Sumi Shimamoto,Mahito Tsujimura,Hisako Kyôda,Gorô Naya,162659,86,$0.50M
224,The Thing,-1982,R,109 min,"Horror, Mystery, Sci-Fi",8.1,A research team in Antarctica is hunted by a shape-shifting alien that assumes the appearance of its victims.,John Carpenter,Kurt Russell,Wilford Brimley,Keith David,Richard Masur,400109,57,$13.78M
225,Fanny and Alexander,-1982,R,188 min,Drama,8.1,"Two young Swedish children in the 1900s experience the many comedies and tragedies of their lively and affectionate theatrical family, the Ekdahls.",Ingmar Bergman,Bertil Guve,Pernilla Allwin,Kristina Adolphson,Börje Ahlstedt,62011,100,$4.97M
226,Blade Runner,-1982,R,117 min,"Action, Drama, Sci-Fi",8.1,"A blade runner must pursue and terminate four replicants who stole a ship in space, and have returned to Earth to find their creator.",Ridley Scott,Harrison Ford,Rutger Hauer,Sean Young,Edward James Olmos,734033,84,$32.87M
227,The Elephant Man,-1980,PG,124 min,"Biography, Drama",8.1,"A Victorian surgeon rescues a heavily disfigured man who is mistreated while scraping a living as a side-show freak. Behind his monstrous façade, there is revealed a person of kindness, intelligence and sophistication.",David Lynch,Anthony Hopkins,John Hurt,Anne Bancroft,John Gielgud,233182,78,
228,Stalker,-1979,Not Rated,162 min,"Drama, Sci-Fi",8.1,A guide leads two men through an area known as the Zone to find a room that grants wishes.,Andrei Tarkovsky,Alisa Freyndlikh,Aleksandr Kaydanovskiy,Anatoliy Solonitsyn,Nikolay Grinko,128582,,$0.23M
229,Life of Brian,-1979,R,94 min,Comedy,8.1,"Born on the original Christmas in the stable next door to , Brian of Nazareth spends his life being mistaken for a messiah.",Terry Jones,Graham Chapman,John Cleese,Michael Palin,Terry Gilliam,386145,77,$20.05M
230,The Deer Hunter,-1978,R,183 min,"Drama, War",8.1,An in-depth examination of the ways in which the Vietnam War impacts and disrupts the lives of several friends in a small steel mill town in Pennsylvania.,Michael Cimino,Robert De Niro,Christopher Walken,John Cazale,John Savage,328205,86,$48.98M
231,Rocky,-1976,PG,120 min,"Drama, Sport",8.1,A small-time Philadelphia boxer gets a supremely rare chance to fight the world heavyweight champion in a bout in which he strives to go the distance for his self-respect.,John G. Avildsen,Sylvester Stallone,Talia Shire,Burt Young,Carl Weathers,547820,70,$117.24M
232,Network,-1976,R,121 min,Drama,8.1,"A television network cynically exploits a deranged former anchor's ravings and revelations about the news media for its own profit, but finds that his message may be difficult to control.",Sidney Lumet,Faye Dunaway,William Holden,Peter Finch,Robert Duvall,154012,83,
233,Barry Lyndon,-1975,PG,185 min,"Adventure, Drama, History",8.1,An Irish rogue wins the heart of a rich widow and assumes her dead husband's aristocratic position in 18th-century England.,Stanley Kubrick,Ryan O'Neal,Marisa Berenson,Patrick Magee,Hardy Krüger,160689,89,
234,Cool Hand Luke,-1967,GP,127 min,"Crime, Drama",8.1,"A laid back Southern man is sentenced to two years in a rural prison, but refuses to conform.",Stuart Rosenberg,Paul Newman,George Kennedy,Strother Martin,J.D. Cannon,171897,92,$16.22M
235,Persona,-1966,Not Rated,83 min,"Drama, Thriller",8.1,A nurse is put in charge of a mute actress and finds that their personae are melding together.,Ingmar Bergman,Bibi Andersson,Liv Ullmann,Margaretha Krook,Gunnar Björnstrand,112661,86,
236,Andrei Rublev,-1966,R,205 min,"Biography, Drama, History",8.1,"The life, times and afflictions of the fifteenth-century Russian iconographer St. Andrei Rublev.",Andrei Tarkovsky,Anatoliy Solonitsyn,Ivan Lapikov,Nikolay Grinko,Nikolay Sergeev,51743,,$0.10M
237,The Battle of Algiers,-1966,Not Rated,121 min,"Drama, War",8.1,"In the 1950s, fear and violence escalate as the people of Algiers fight for independence from the French government.",Gillo Pontecorvo,Brahim Hadjadj,Jean Martin,Yacef Saadi,Samia Kerbash,57755,96,$0.06M
238,The 400 Blows,-1959,Not Rated,99 min,"Crime, Drama",8.1,"A young boy, left without attention, delves into a life of petty crime.",François Truffaut,Jean-Pierre Léaud,Albert Rémy,Claire Maurier,Guy Decomble,113069,,
239,Ben-Hur,-1959,G,212 min,"Adventure, Drama, History",8.1,"After a Jewish prince is betrayed and sent into slavery by a Roman friend in 1st-century Jerusalem, he regains his freedom and comes back for revenge.",William Wyler,Charlton Heston,Jack Hawkins,Stephen Boyd,Haya Harareet,231193,90,$74.70M
240,Nights of Cabiria,-1957,Not Rated,110 min,Drama,8.1,A waifish prostitute wanders the streets of Rome looking for true love but finds only heartbreak.,Federico Fellini,Giulietta Masina,François Périer,Franca Marzi,Dorian Gray,47031,,$0.75M
241,The Bridge on the River Kwai,-1957,PG,161 min,"Adventure, Drama, War",8.1,"British POWs are forced to build a railway bridge across the river Kwai for their Japanese captors in occupied Burma, not knowing that the allied forces are planning a daring commando raid through the jungle to destroy it.",David Lean,William Holden,Alec Guinness,Jack Hawkins,Sessue Hayakawa,213585,87,$44.91M
242,On the Waterfront,-1954,Approved,108 min,"Crime, Drama, Thriller",8.1,"An ex-prize fighter turned New Jersey longshoreman struggles to stand up to his corrupt union bosses, including his older brother, as he starts to connect with the grieving sister of one of the syndicate's victims.",Elia Kazan,Marlon Brando,Karl Malden,Lee J. Cobb,Rod Steiger,150148,91,$9.60M
243,The Wages of Fear,-1953,Not Rated,131 min,"Adventure, Drama, Thriller",8.1,"In a decrepit South American village, four men are hired to transport an urgent nitroglycerine shipment without the equipment that would make it safe.",Henri-Georges Clouzot,Yves Montand,Charles Vanel,Peter van Eyck,Folco Lulli,58949,85,
244,The Third Man,-1949,Approved,93 min,"Film-Noir, Mystery, Thriller",8.1,"Pulp novelist Holly Martins travels to shadowy, postwar Vienna, only to find himself investigating the mysterious death of an old friend, Harry Lime.",Carol Reed,Orson Welles,Joseph Cotten,Alida Valli,Trevor Howard,167084,97,$0.45M
245,Rebecca,-1940,Approved,130 min,"Drama, Film-Noir, Mystery",8.1,A self-conscious woman juggles adjusting to her new role as an aristocrat's wife and avoiding being intimidated by his first wife's spectral presence.,Alfred Hitchcock,Laurence Olivier,Joan Fontaine,George Sanders,Judith Anderson,132700,86,$4.36M
246,Mr. Smith Goes to Washington,-1939,Passed,129 min,"Comedy, Drama",8.1,"A naive youth leader is appointed to fill a vacancy in the U.S. Senate. His idealistic plans promptly collide with corruption at home and subterfuge from his hero in Washington, but he tries to forge ahead despite attacks on his character.",Frank Capra,James Stewart,Jean Arthur,Claude Rains,Edward Arnold,112642,73,$9.60M
247,Gone with the Wind,-1939,Passed,238 min,"Drama, History, Romance",8.1,The manipulative daughter of a Georgia plantation owner conducts a turbulent romance with a roguish profiteer during the American Civil War and Reconstruction periods.,Victor Fleming,George Cukor,Sam Wood,Clark Gable,Vivien Leigh,304725,97,$198.68M
248,It Happened One Night,-1934,Passed,105 min,"Comedy, Romance",8.1,"A renegade reporter trailing a young runaway heiress for a big story joins her on a bus heading from Florida to New York, and they end up stuck with each other when the bus leaves them behind at one of the stops.",Frank Capra,Clark Gable,Claudette Colbert,Walter Connolly,Roscoe Karns,100198,87,$4.36M
249,The Passion of Joan of Arc,-1928,Passed,114 min,"Biography, Drama, History",8.1,"In 1431, Jeanne d'Arc is placed on trial on charges of heresy. The ecclesiastical jurists attempt to force Jeanne to recant her claims of holy visions.",Carl Theodor Dreyer,Maria Falconetti,Eugene Silvain,André Berley,Maurice Schutz,52264,,$0.02M
250,The General,-1926,Passed,67 min,"Action, Adventure, Comedy",8.1,"After being rejected by the Confederate military, not realizing it was due to his crucial civilian role, an engineer must single-handedly recapture his beloved locomotive after it is seized by Union spies and return it through enemy lines.",Clyde Bruckman,Buster Keaton,Buster Keaton,Marion Mack,Glen Cavender,88022,,$1.03M
